864,rkezourecnz,cpickvancenz@blogspot.com,Dota 2,REGULAR
690,hmoralisj5,dandragj5@un.org,Apex Legends,NORMAL
742,cgundersonkl,ddavenallkl@hostgator.com,Overwatch,BUENO
106,ajaram2x,qmatusevich2x@symantec.com,Fortnite,PAQUETE
183,sgoscomb52,tkopmann52@sina.com.cn,Rocket League,PAQUETE
735,aduddanke,lcosinske@va.gov,Overwatch,DIOS
906,warkilp5,cperetp5@furl.net,Overwatch,REGULAR
19,amcgeadyi,jollei@bandcamp.com,Minecraft,BUENO
856,gwoolfnr,cdriscollnr@quantcast.com,Overwatch,REGULAR
167,rhavick4m,mdanbury4m@wikispaces.com,World of Warcraft,DIOS
812,lnicolsonmj,cjowittmj@qq.com,Rainbow Six Siege,MÁQUINA
214,vsnawdon5x,sdomnick5x@google.co.uk,Apex Legends,PAQUETE
317,bjosefs8s,mcloy8s@google.co.uk,Overwatch,MALILLO
734,bwingeattkd,dlystekd@ameblo.jp,Apex Legends,PAQUETE
27,amanclarkq,ymicallefq@sciencedaily.com,Minecraft,NORMAL
509,pbuttericke4,denricoe4@myspace.com,Dota 2,DIOS
334,mbreckin99,acranmere99@patch.com,Rocket League,REGULAR
256,grosenzwig73,grobker73@marketwatch.com,Fortnite,REGULAR
845,fmacalasterng,ldeveralng@webnode.com,Rainbow Six Siege,REGULAR
539,hmurtoney,mtattooey@exblog.jp,World of Warcraft,MÁQUINA
101,jratt2s,tjent2s@histats.com,Fortnite,NORMAL
557,thavercroftfg,turridgefg@hao123.com,Dota 2,DIOS
138,bshowte3t,mrumming3t@nymag.com,Counter-Strike: Global Offensive,DIOS
163,cblencoe4i,otisor4i@sourceforge.net,Rocket League,MÁQUINA
675,sridsdelliq,jeiteiq@zimbio.com,Rocket League,BUENO
48,hpepall1b,lhounson1b@shop-pro.jp,Overwatch,BUENO
893,cbrideos,nvlasenkoos@tiny.cc,League of Legends,NORMAL
264,cbargh7b,naskell7b@nature.com,Fortnite,PAQUETE
948,dwalklettqb,gvasyukhinqb@amazon.de,Rocket League,REGULAR
236,efeldbrin6j,fraise6j@google.nl,Rocket League,PAQUETE
237,hgallimore6k,zbeautyman6k@redcross.org,World of Warcraft,MÁQUINA
799,kdowearsm6,dpischofm6@lulu.com,Rainbow Six Siege,REGULAR
3,rtabbernor2,clabrone2@reverbnation.com,Fortnite,NORMAL
978,jselwyner5,pkunzlerr5@goo.ne.jp,Fortnite,BUENO
947,dpowerqa,naverillqa@samsung.com,Overwatch,MALILLO
162,ldani4h,lbilston4h@edublogs.org,Apex Legends,MALILLO
367,jemmanuelia6,smuddimera6@privacy.gov.au,Fortnite,MÁQUINA
988,ploncasterrf,hledramrf@ovh.net,Rocket League,NORMAL
422,cdoneganbp,sgiffenbp@list-manage.com,Apex Legends,MALILLO
254,lburberow71,rliddyard71@economist.com,Apex Legends,REGULAR
191,skenworthy5a,echat5a@canalblog.com,Fortnite,MÁQUINA
775,aaldersonli,lboundsli@wp.com,Rainbow Six Siege,MALILLO
424,tleachbr,thonackerbr@pagesperso-orange.fr,Minecraft,DIOS
560,aneamesfj,ayerlettfj@usgs.gov,Dota 2,REGULAR
463,cvareycu,rroutcu@techcrunch.com,Rocket League,BUENO
755,kblaziky,scartyky@discuz.net,Minecraft,MÁQUINA
436,dkiliusc3,bkairnsc3@skyrock.com,League of Legends,MALILLO
858,ljosilevichnt,abrasteadnt@uol.com.br,Rocket League,MALILLO
993,jjeanenetrk,hhyltonrk@aboutads.info,Rocket League,DIOS
596,bmeugensgj,aewbanksgj@mac.com,World of Warcraft,DIOS
430,jkilduffbx,scattonnetbx@theguardian.com,Rocket League,MALILLO
551,jlummisfa,dsuddockfa@geocities.jp,League of Legends,DIOS
211,cbillanie5u,lberthouloume5u@japanpost.jp,World of Warcraft,MÁQUINA
667,bmatveichevii,pomurtaghii@icq.com,Apex Legends,PAQUETE
283,lkemmett7u,afelkin7u@spiegel.de,World of Warcraft,BUENO
632,hiczokvitzhj,lmargachhj@freewebs.com,Dota 2,REGULAR
818,afranzottomp,jgatcliffmp@google.com.br,World of Warcraft,NORMAL
292,itattersdill83,emcquin83@t-online.de,Apex Legends,NORMAL
279,crumke7q,twayman7q@geocities.com,Counter-Strike: Global Offensive,BUENO
660,ulyffeib,apayzeib@buzzfeed.com,World of Warcraft,BUENO
902,hharlettp1,slandallp1@squarespace.com,Overwatch,REGULAR
415,gpembertonbi,bwranglebi@tripadvisor.com,Apex Legends,MALILLO
531,jinneseq,dkemmeteq@youku.com,Rainbow Six Siege,BUENO
115,mpithie36,bsancias36@a8.net,League of Legends,NORMAL
934,jsnaselpx,mdurnellpx@blogspot.com,Fortnite,DIOS
133,rwhetton3o,kmcgirl3o@wired.com,Rainbow Six Siege,PAQUETE
240,gearthfield6n,kstafford6n@bigcartel.com,League of Legends,BUENO
853,bgimberno,lbothieno@mit.edu,World of Warcraft,PAQUETE
582,icrosserg5,gthunderg5@digg.com,World of Warcraft,NORMAL
737,nkendrickkg,cdougillkg@cocolog-nifty.com,Rocket League,MALILLO
149,mbrafield44,sroscoe44@bing.com,World of Warcraft,DIOS
830,afarhertyn1,mgullann1@usatoday.com,Minecraft,MALILLO
128,salti3j,zstode3j@narod.ru,League of Legends,BUENO
608,cbendsongv,kfitzgibbongv@google.fr,Apex Legends,MALILLO
314,ablakes8p,rwitham8p@techcrunch.com,Rocket League,BUENO
630,fkorneshh,kpetraccohh@mysql.com,Rocket League,NORMAL
598,xgiannasigl,gboyettgl@networksolutions.com,Apex Legends,REGULAR
648,mfranzonettihz,spluvierhz@oakley.com,Rainbow Six Siege,MALILLO
461,acorneliscs,jhadekecs@joomla.org,Overwatch,DIOS
456,sewellcn,dpietercn@telegraph.co.uk,Minecraft,MALILLO
180,ebradwell4z,htitchen4z@facebook.com,League of Legends,MÁQUINA
124,hdecleen3f,dranscombe3f@tinypic.com,World of Warcraft,DIOS
951,mgoultqe,mgendersqe@auda.org.au,World of Warcraft,MÁQUINA
177,mislep4w,cgerraty4w@si.edu,Counter-Strike: Global Offensive,MÁQUINA
365,ggedgea4,lburchetta4@huffingtonpost.com,Minecraft,DIOS
591,hodgersge,mchichgarge@webnode.com,Counter-Strike: Global Offensive,MÁQUINA
190,mbullar59,asutherel59@elegantthemes.com,Rocket League,REGULAR
457,rpaolinoco,slichtfothco@networkadvertising.org,Counter-Strike: Global Offensive,NORMAL
17,kkiliusg,mjonczykg@arizona.edu,Overwatch,NORMAL
158,kmatashkin4d,aungaretti4d@redcross.org,Rocket League,DIOS
291,ledsall82,stwyford82@51.la,Fortnite,MÁQUINA
728,uchurchesk7,aeyeingtonk7@unicef.org,Minecraft,BUENO
116,jlarrington37,mfeldbrin37@indiegogo.com,Rocket League,DIOS
686,schavej1,sscopesj1@posterous.com,Apex Legends,PAQUETE
601,dburlessgo,acampsgo@goodreads.com,Counter-Strike: Global Offensive,MÁQUINA
153,nsycamore48,fclabburn48@yandex.ru,World of Warcraft,DIOS
585,csprakesg8,mrobardeyg8@ihg.com,Overwatch,DIOS
663,nkilfordie,jsampeyie@nbcnews.com,Fortnite,MALILLO
160,jabramovicz4f,jseawright4f@answers.com,Minecraft,REGULAR
715,ellewellynju,yrexju@intel.com,Rainbow Six Siege,PAQUETE
565,hannandalefo,tarletfo@reverbnation.com,Rocket League,REGULAR
605,nwardsgs,ikleinplacgs@wikia.com,Fortnite,DIOS
512,kdiemere7,hvasilischeve7@deviantart.com,Overwatch,BUENO
159,fummfrey4e,ccampelli4e@taobao.com,World of Warcraft,DIOS
590,knazergd,jheingd@unblog.fr,Dota 2,BUENO
792,ajurislz,fperkinslz@meetup.com,Fortnite,MÁQUINA
919,idavittpi,rakermanpi@ifeng.com,Dota 2,PAQUETE
1001,profeFaster,profe@gmail.com,Fornite,PAQUETE
935,uchienepy,hleitherpy@storify.com,Counter-Strike: Global Offensive,NORMAL
396,rkennleraz,acromblehomeaz@blogger.com,Fortnite,PAQUETE
169,eemmens4o,mmattingson4o@nasa.gov,Fortnite,PAQUETE
974,bvannuccir1,esherwenr1@uol.com.br,Counter-Strike: Global Offensive,MÁQUINA
411,ldmychbe,ldriffillbe@eepurl.com,Minecraft,NORMAL
814,acotteyml,nmaynellml@hhs.gov,Fortnite,NORMAL
186,pfarady55,paddy55@icio.us,Overwatch,MÁQUINA
77,rchiplin24,rtilmouth24@redcross.org,Rainbow Six Siege,PAQUETE
63,psnailham1q,egault1q@pagesperso-orange.fr,Rainbow Six Siege,BUENO
127,hkob3i,amcghie3i@nydailynews.com,Minecraft,DIOS
225,nkennaway68,jborrel68@hostgator.com,Rainbow Six Siege,PAQUETE
290,bvirr81,owater81@usatoday.com,Fortnite,MÁQUINA
868,mmashamo3,jsterricko3@sourceforge.net,Fortnite,NORMAL
193,lfinder5c,tbalding5c@samsung.com,World of Warcraft,DIOS
696,tlancashirejb,cmetschkejb@blogspot.com,Fortnite,NORMAL
301,ederoeck8c,bmougel8c@gravatar.com,Overwatch,DIOS
652,rgravestoni3,alochrani3@fotki.com,Counter-Strike: Global Offensive,PAQUETE
157,rpethrick4c,odanbrook4c@oaic.gov.au,Fortnite,REGULAR
222,lcoakley65,mboarleyson65@symantec.com,Apex Legends,BUENO
285,dascough7w,ccourteney7w@boston.com,Overwatch,PAQUETE
543,bjenkinsf2,cvarfolomeevf2@nbcnews.com,Counter-Strike: Global Offensive,DIOS
78,fhaythorn25,azoren25@ftc.gov,Fortnite,MALILLO
215,rambrodi5y,ggrindell5y@trellian.com,Dota 2,MÁQUINA
806,ggottmd,sneedhammd@cornell.edu,Minecraft,BUENO
165,hisenor4k,jsjollema4k@qq.com,Fortnite,REGULAR
621,xswatradgeh8,ehusthwaiteh8@hubpages.com,Dota 2,REGULAR
181,cbrennan50,tdelacoste50@over-blog.com,Rocket League,NORMAL
571,larnaldyfu,pshaudfurthfu@amazon.co.uk,Fortnite,PAQUETE
326,bpavia91,kareles91@unicef.org,World of Warcraft,MÁQUINA
505,ttipladye0,cdziwisze0@va.gov,League of Legends,PAQUETE
493,eheinishdo,zyurenevdo@wired.com,Counter-Strike: Global Offensive,PAQUETE
262,smobbs79,lpeffer79@biglobe.ne.jp,Fortnite,PAQUETE
327,sedowes92,gjosebury92@addthis.com,Counter-Strike: Global Offensive,PAQUETE
714,bstraussjt,iscrinagejt@surveymonkey.com,League of Legends,BUENO
522,vrabbageeh,amacareeeh@economist.com,Overwatch,PAQUETE
811,hflightmi,ejennawaymi@blog.com,Apex Legends,REGULAR
96,ehardypiggin2n,dwinchester2n@friendfeed.com,Minecraft,NORMAL
492,soxerdn,lmargramdn@fastcompany.com,Dota 2,NORMAL
813,zbridgenmk,tdignonmk@fda.gov,Rainbow Six Siege,BUENO
614,abrisardh1,snellish1@princeton.edu,Counter-Strike: Global Offensive,PAQUETE
682,ckirlinix,nfoxcroftix@fastcompany.com,Overwatch,MÁQUINA
53,bhellwing1g,cblueman1g@who.int,Apex Legends,REGULAR
294,lmcminn85,klind85@twitpic.com,Counter-Strike: Global Offensive,PAQUETE
204,mgladdolph5n,vminucci5n@smh.com.au,Overwatch,MÁQUINA
545,rbenyanf4,dkirmanf4@umich.edu,World of Warcraft,PAQUETE
829,rghelarduccin0,nwildmann0@fc2.com,Rainbow Six Siege,DIOS
899,dlippardoy,ieddingtonoy@forbes.com,Rainbow Six Siege,REGULAR
576,nletteresefz,cmcelvinefz@oracle.com,World of Warcraft,DIOS
743,jdacheykm,cpargentkm@irs.gov,Rocket League,MÁQUINA
980,gnesbyr7,pcholtonr7@shutterfly.com,Counter-Strike: Global Offensive,REGULAR
497,nkemmettds,jsanziods@mit.edu,World of Warcraft,PAQUETE
501,tseakdw,pbarbrickdw@newyorker.com,Rocket League,MALILLO
760,byuilll3,rianillil3@liveinternet.ru,League of Legends,MALILLO
244,aferrierio6r,ccresswell6r@homestead.com,Rainbow Six Siege,DIOS
672,gloughranin,aoldreyin@jimdo.com,Overwatch,MÁQUINA
482,hmassimodd,cmccarddd@feedburner.com,League of Legends,PAQUETE
661,dkennairdic,twauchopeic@addthis.com,Rocket League,PAQUETE
633,dlardeurhk,sflacknoehk@ask.com,Apex Legends,MÁQUINA
7,kfillis6,mgavaghan6@usda.gov,Minecraft,MÁQUINA
702,asmithinjh,hslimmejh@ft.com,League of Legends,BUENO
325,gmozzi90,xprisley90@theglobeandmail.com,World of Warcraft,REGULAR
341,tpioch9g,ygatecliff9g@cnbc.com,Rainbow Six Siege,REGULAR
304,dbauduin8f,bmcilwraith8f@digg.com,Fortnite,REGULAR
943,dfernaoq6,wlerohanq6@ucoz.ru,Fortnite,DIOS
416,fmartinovicbj,gelphinstonebj@vimeo.com,Minecraft,PAQUETE
842,ljuleffnd,tizchakind@google.nl,Dota 2,BUENO
484,bainsliedf,nembertondf@goodreads.com,Counter-Strike: Global Offensive,REGULAR
40,cpusey13,dorriss13@bing.com,Fortnite,REGULAR
108,qfoister2z,bmacon2z@imdb.com,Fortnite,DIOS
309,tleadbetter8k,twilloway8k@nps.gov,Apex Legends,MALILLO
995,llindbergrm,mgiraudouxrm@usa.gov,Apex Legends,REGULAR
448,cnuschecf,odablincf@posterous.com,League of Legends,BUENO
946,vdentq9,gfoskinq9@dot.gov,League of Legends,BUENO
399,bianittib2,nlabarreb2@is.gd,Apex Legends,DIOS
85,alelievre2c,npochon2c@state.gov,Dota 2,REGULAR
178,xcolam4x,gpedlow4x@goodreads.com,Dota 2,NORMAL
207,idenness5q,agilli5q@elegantthemes.com,Counter-Strike: Global Offensive,MALILLO
618,bneighbourh5,colfordh5@yahoo.com,Minecraft,BUENO
514,tglenniee9,hedlinge9@sakura.ne.jp,Dota 2,MÁQUINA
786,pbowslt,hsugarlt@parallels.com,Overwatch,NORMAL
359,vphelps9y,mstovin9y@tripod.com,Overwatch,MALILLO
641,econninghamhs,sszapirohs@domainmarket.com,Dota 2,REGULAR
832,gkidstonen3,tbaylien3@msn.com,League of Legends,NORMAL
319,vstanton8u,jcrathorne8u@macromedia.com,World of Warcraft,PAQUETE
339,rhuman9e,jnewport9e@cdbaby.com,World of Warcraft,MÁQUINA
888,rvockingson,agrindellon@usda.gov,Fortnite,MÁQUINA
102,vpillinger2t,cdossett2t@sogou.com,Dota 2,NORMAL
227,jleonida6a,srogeron6a@abc.net.au,Fortnite,NORMAL
393,mspearingaw,apashenaw@psu.edu,Rainbow Six Siege,DIOS
420,pstreatbn,srosebn@discuz.net,Counter-Strike: Global Offensive,BUENO
877,paizikovichoc,acarreckoc@cbslocal.com,Overwatch,MALILLO
346,eattiwill9l,ccornhill9l@china.com.cn,Apex Legends,DIOS
447,renriettoce,bchesmance@parallels.com,World of Warcraft,MALILLO
881,mglazzardog,escoularog@nps.gov,Overwatch,MÁQUINA
970,jcondliffeqx,ccorsellesqx@alexa.com,World of Warcraft,PAQUETE
900,kmckmurrieoz,jcompsonoz@360.cn,Overwatch,REGULAR
16,rposchelf,fgreyesf@si.edu,Rainbow Six Siege,MÁQUINA
841,hmaryinnc,seighteennc@tripod.com,Rainbow Six Siege,BUENO
353,jfrostdick9s,sschiersch9s@cbslocal.com,Rainbow Six Siege,MALILLO
38,pyukhnov11,cgriswaite11@yolasite.com,Rainbow Six Siege,BUENO
913,avictorpc,mnewartpc@myspace.com,Dota 2,REGULAR
67,ebuggs1u,ebarnwille1u@technorati.com,Apex Legends,PAQUETE
418,emortbl,pgilcriestbl@facebook.com,Minecraft,MALILLO
488,mdudlestondj,grisboroughdj@e-recht24.de,Counter-Strike: Global Offensive,REGULAR
263,lcabel7a,dheight7a@github.com,World of Warcraft,MÁQUINA
727,kcasserlyk6,sbrownhillk6@weebly.com,Counter-Strike: Global Offensive,NORMAL
999,elutwidgerq,mstevingsrq@last.fm,Apex Legends,BUENO
404,fpavlenkob7,lfinneranb7@live.com,League of Legends,PAQUETE
855,kdraysaynq,llovedaynq@amazon.co.jp,Apex Legends,PAQUETE
593,thanselmangg,mevinsgg@shop-pro.jp,World of Warcraft,MALILLO
810,abartsmh,crottgersmh@amazon.de,Overwatch,PAQUETE
503,fmaruskady,pverbekedy@alibaba.com,Overwatch,PAQUETE
986,wlamyrd,aorgenrd@foxnews.com,Minecraft,PAQUETE
949,mocorrenqc,bottleyqc@discovery.com,Counter-Strike: Global Offensive,BUENO
703,lmarreji,gedlerji@lycos.com,Minecraft,MÁQUINA
847,cpfaffni,mrodgerni@independent.co.uk,Dota 2,NORMAL
389,kaddenbrookeas,lwedgbrowas@booking.com,Rainbow Six Siege,REGULAR
450,ssanderch,cdizliech@issuu.com,Counter-Strike: Global Offensive,BUENO
135,fgavagan3q,dclausen3q@feedburner.com,Fortnite,PAQUETE
71,lsholl1y,owoodall1y@guardian.co.uk,Fortnite,DIOS
869,bdrusto4,kmenezeso4@ebay.co.uk,Rocket League,BUENO
937,ehackingeq0,btwinbourneq0@dailymail.co.uk,Dota 2,MÁQUINA
43,cdionisii16,mbertenshaw16@livejournal.com,Fortnite,MÁQUINA
65,xjarrold1s,cbransby1s@alibaba.com,Rainbow Six Siege,NORMAL
130,wtolomei3l,nwittke3l@dailymotion.com,Rainbow Six Siege,BUENO
249,cocarrol6w,troels6w@samsung.com,Dota 2,PAQUETE
412,lodwyerbf,apairemanbf@dailymail.co.uk,World of Warcraft,NORMAL
377,lmeehanag,acristoforag@geocities.com,Counter-Strike: Global Offensive,PAQUETE
694,rnenoj9,jcubberleyj9@networksolutions.com,League of Legends,REGULAR
976,elosselyongr3,amullinerr3@cam.ac.uk,Rocket League,NORMAL
247,gcullrford6u,jhowsin6u@pagesperso-orange.fr,Rocket League,BUENO
1000,esteadrr,rmorlrr@vinaora.com,Dota 2,NORMAL
50,adrei1d,hwhittlesee1d@theglobeandmail.com,Minecraft,NORMAL
822,panstermt,ldarcymt@sfgate.com,World of Warcraft,REGULAR
410,fhoflerbd,tshobrookbd@slashdot.org,League of Legends,PAQUETE
759,zethelstonl2,cpaolettil2@dell.com,Minecraft,MÁQUINA
693,dclemensenj8,cmaxwalej8@geocities.com,Dota 2,PAQUETE
9,lcrocetto8,btuxill8@dion.ne.jp,Counter-Strike: Global Offensive,MÁQUINA
805,ociceronemc,modbymc@businessinsider.com,World of Warcraft,DIOS
707,aucjm,cboddingtonjm@paypal.com,Overwatch,DIOS
161,clockett4g,cmabon4g@bluehost.com,Apex Legends,PAQUETE
631,tthomashi,syerringtonhi@dmoz.org,Apex Legends,DIOS
471,aballachd2,ehamped2@scribd.com,Minecraft,DIOS
547,jchampneysf6,acrissilf6@miibeian.gov.cn,Minecraft,NORMAL
944,gbuntingq7,rforlongq7@npr.org,Counter-Strike: Global Offensive,PAQUETE
961,kmanueleqo,djanaszkiewiczqo@theguardian.com,League of Legends,NORMAL
338,gpandya9d,mblinder9d@freewebs.com,Overwatch,DIOS
872,avandrielo7,dsaero7@imgur.com,Rainbow Six Siege,NORMAL
45,abenning18,scappel18@reference.com,World of Warcraft,BUENO
746,ekrysiakkp,lalekseevkp@youku.com,League of Legends,BUENO
29,blockheads,bhuddlestons@dagondesign.com,Fortnite,NORMAL
70,cwillock1x,tloton1x@4shared.com,League of Legends,MÁQUINA
578,ncorkelg1,kharrodg1@cyberchimps.com,Minecraft,MALILLO
55,ldudin1i,tpechet1i@sciencedirect.com,Fortnite,BUENO
859,qgrainnu,bbrahamsnu@narod.ru,Counter-Strike: Global Offensive,BUENO
971,cjohnikinqy,dredfernqy@toplist.cz,Rainbow Six Siege,MALILLO
18,maudritth,lfoshh@earthlink.net,Counter-Strike: Global Offensive,PAQUETE
680,ubarnetiv,bplummeriv@quantcast.com,Apex Legends,REGULAR
773,dallawaylg,eworkmanlg@devhub.com,Fortnite,MÁQUINA
123,atrusler3e,mbrandi3e@tiny.cc,World of Warcraft,DIOS
403,slippattb6,kburburyb6@odnoklassniki.ru,Counter-Strike: Global Offensive,MALILLO
318,ewandtke8t,spealing8t@omniture.com,Rainbow Six Siege,BUENO
107,acrompton2y,jjedrzejewicz2y@php.net,Dota 2,PAQUETE
472,tpennyd3,vderrickd3@patch.com,Overwatch,PAQUETE
460,aaddamscr,nivushkincr@ustream.tv,Overwatch,MALILLO
516,mcullumeb,dhargreaveseb@google.es,Dota 2,PAQUETE
662,mvasquezid,hcrusid@blogspot.com,Counter-Strike: Global Offensive,DIOS
21,jgashionk,ayeliashevk@adobe.com,Dota 2,PAQUETE
966,ttarttqt,acrispqt@baidu.com,Minecraft,MALILLO
553,wcahalinfc,kbalkfc@nasa.gov,League of Legends,REGULAR
268,knathan7f,skildahl7f@printfriendly.com,World of Warcraft,PAQUETE
646,lcoghlinhx,dspellissyhx@meetup.com,World of Warcraft,REGULAR
575,vheavyfy,llobliefy@discuz.net,Fortnite,NORMAL
72,nsigward1z,jsherel1z@hao123.com,League of Legends,PAQUETE
196,wdebnam5f,rcausby5f@homestead.com,Apex Legends,MÁQUINA
891,lkearsoq,theadyoq@blogger.com,Counter-Strike: Global Offensive,MALILLO
409,kflorezbc,aaveybc@liveinternet.ru,Apex Legends,REGULAR
647,uduffellhy,gcoshhy@techcrunch.com,Counter-Strike: Global Offensive,MALILLO
454,cheamuscl,hriccionecl@t.co,League of Legends,BUENO
166,tarbon4l,rstuer4l@walmart.com,Dota 2,REGULAR
979,cmcgarahanr6,amerveiller6@prlog.org,Apex Legends,MALILLO
426,singerithbt,jfossickbt@delicious.com,Overwatch,MÁQUINA
219,jpurches62,ariggulsford62@prweb.com,Fortnite,REGULAR
261,kkerfut78,gpellman78@seattletimes.com,Rainbow Six Siege,DIOS
592,dburghallgf,agouldebygf@surveymonkey.com,Rocket League,NORMAL
620,smontesh7,kboddish7@google.ru,Fortnite,NORMAL
681,wmowsoniw,blabroiw@theglobeandmail.com,Overwatch,BUENO
975,eakermanr2,dmulreanr2@a8.net,Dota 2,BUENO
489,slabbatidk,jgauldk@phpbb.com,Minecraft,BUENO
623,mkalinkeha,cboadbyha@tinyurl.com,Apex Legends,MÁQUINA
305,lbellwood8g,ahenke8g@alibaba.com,Apex Legends,BUENO
417,mastinbk,lcouzensbk@craigslist.org,League of Legends,MÁQUINA
328,csanday93,cformilli93@go.com,Counter-Strike: Global Offensive,DIOS
851,fneighbournm,khearenm@tripadvisor.com,League of Legends,DIOS
407,aplascottba,dsconceba@ucla.edu,Counter-Strike: Global Offensive,REGULAR
774,evlasinlh,nsundinlh@prweb.com,Rocket League,PAQUETE
552,hcantuafb,fsmitherhamfb@marriott.com,Fortnite,BUENO
243,cfostersmith6q,kblaase6q@edublogs.org,Apex Legends,PAQUETE
312,nsmetoun8n,jscholig8n@dyndns.org,Rocket League,BUENO
220,lboult63,kaird63@va.gov,Rocket League,BUENO
955,nmcgiffinqi,tschruyerqi@independent.co.uk,Counter-Strike: Global Offensive,MALILLO
273,tlarn7k,jboutton7k@livejournal.com,Rocket League,NORMAL
802,kkillerbym9,emanghamm9@ft.com,Counter-Strike: Global Offensive,NORMAL
438,breadec5,gwadlowc5@clickbank.net,League of Legends,BUENO
658,jnorsworthyi9,gchrispi9@altervista.org,Fortnite,NORMAL
779,hclubleylm,jmiddlehurstlm@bloglovin.com,League of Legends,MÁQUINA
917,mstarsmorepg,nuziellipg@netvibes.com,Rainbow Six Siege,MALILLO
54,sradki1h,schampe1h@deliciousdays.com,Overwatch,REGULAR
313,lmonkhouse8o,mdrysdell8o@e-recht24.de,Fortnite,PAQUETE
753,alardeurkw,aainsburykw@wikia.com,Counter-Strike: Global Offensive,PAQUETE
118,ctyt39,llebbern39@noaa.gov,World of Warcraft,NORMAL
527,abrushneenem,mgilchriestem@cam.ac.uk,Overwatch,NORMAL
887,cfriarom,dpreshousom@theguardian.com,Minecraft,REGULAR
624,gcruftshb,bchaplynhb@pen.io,Minecraft,MÁQUINA
421,fseagobo,mdavenhallbo@google.it,League of Legends,PAQUETE
33,jmathewsonw,jgallgherw@vinaora.com,Counter-Strike: Global Offensive,BUENO
134,tconklin3p,sbreddy3p@bandcamp.com,Overwatch,PAQUETE
642,cknibbsht,dwakelinght@elpais.com,Minecraft,NORMAL
926,sofarrellpp,hfavelpp@whitehouse.gov,League of Legends,NORMAL
112,mmatthewes33,mknoles33@dell.com,Rainbow Six Siege,REGULAR
337,gstack9c,sodeson9c@sitemeter.com,Fortnite,BUENO
910,dcazep9,amcaleesep9@yale.edu,Rainbow Six Siege,MALILLO
529,vslessereo,jbugbirdeo@google.com,League of Legends,DIOS
678,adaryit,tgleadhellit@shareasale.com,Rainbow Six Siege,MÁQUINA
748,elampartkr,gadenetkr@163.com,Fortnite,MALILLO
870,mpointono5,mworboyo5@opensource.org,Fortnite,BUENO
126,cpaxforde3h,kbrearty3h@jugem.jp,World of Warcraft,NORMAL
816,eisakssonmn,amittonmn@istockphoto.com,Dota 2,DIOS
963,mgowansqq,soriganqq@goodreads.com,Rocket League,BUENO
807,tbrauneme,gmushartme@zdnet.com,Overwatch,REGULAR
2,hreucastle1,tgeeves1@businessinsider.com,Minecraft,MALILLO
119,thobbing3a,wcorwin3a@moonfruit.com,League of Legends,BUENO
218,sbertome61,chazzard61@github.com,Apex Legends,REGULAR
791,ekhristyukhinly,rdyerly@artisteer.com,Overwatch,REGULAR
566,ckalffp,smatzkefp@skype.com,Apex Legends,BUENO
604,criditchgr,lbradengr@cmu.edu,Apex Legends,MÁQUINA
392,sbarrieav,vdeweyav@scientificamerican.com,Apex Legends,DIOS
323,prampton8y,ebocke8y@livejournal.com,Overwatch,PAQUETE
511,rleydone6,ocatere6@accuweather.com,Rocket League,REGULAR
636,epidwellhn,dphipardshearshn@networkadvertising.org,Dota 2,PAQUETE
828,ohurleymz,tmattheeuwmz@acquirethisname.com,Minecraft,REGULAR
609,tclementuccigw,zevensdengw@va.gov,Dota 2,MALILLO
428,gpenimanbv,eickovitzbv@digg.com,Fortnite,MALILLO
445,glyokhincc,bfiggencc@yahoo.com,Rocket League,MÁQUINA
793,mgelderdm0,dwindrusm0@t.co,Rocket League,NORMAL
852,rgiacopellonn,wdandreann@angelfire.com,World of Warcraft,DIOS
542,amerietf1,lrennebachf1@prlog.org,Apex Legends,DIOS
549,ahubbucksf8,mlawfullf8@bbc.co.uk,Fortnite,DIOS
442,lbowerc9,hnevisonc9@elpais.com,Apex Legends,REGULAR
197,pdalton5g,mjoselevitz5g@unblog.fr,League of Legends,DIOS
306,tjacklings8h,dgredden8h@technorati.com,Fortnite,MÁQUINA
655,giveansi6,zivici6@example.com,Rainbow Six Siege,NORMAL
945,vturfinq8,hgoddmanq8@csmonitor.com,Apex Legends,BUENO
465,cstrippelcw,glifecw@youku.com,Minecraft,DIOS
495,kshannondq,gcosgrovedq@youku.com,Apex Legends,PAQUETE
739,mbrughki,mkristofki@barnesandnoble.com,Rocket League,MÁQUINA
676,dguswellir,rboschir@noaa.gov,Apex Legends,NORMAL
342,msanders9h,tlafayette9h@ovh.net,Rainbow Six Siege,MÁQUINA
820,mdunniommr,swollenmr@auda.org.au,Dota 2,REGULAR
866,lbowleswortho1,ocastroo1@webnode.com,Fortnite,MALILLO
677,kmingassonis,aheselwoodis@house.gov,Rainbow Six Siege,MÁQUINA
720,jrottgerjz,wgoodliffjz@mysql.com,Minecraft,MÁQUINA
308,cmacintosh8j,hlannin8j@weibo.com,Apex Legends,MÁQUINA
350,ahowgate9p,sschoales9p@arstechnica.com,Apex Legends,PAQUETE
384,edietschean,rtolworthiean@webs.com,League of Legends,MÁQUINA
941,dseabrightq4,mtackerq4@istockphoto.com,World of Warcraft,PAQUETE
840,boneilenb,lreaynb@apache.org,Counter-Strike: Global Offensive,DIOS
534,mguisotet,msaffleet@nasa.gov,Rocket League,MALILLO
13,hgianettinic,mloisic@blinklist.com,League of Legends,DIOS
148,bstonebanks43,bpritty43@ftc.gov,League of Legends,PAQUETE
837,dmciloryn8,ndaeln8@ucla.edu,Rainbow Six Siege,NORMAL
729,hryderk8,cburdittk8@abc.net.au,Rainbow Six Siege,REGULAR
267,jrosenshine7e,pullock7e@statcounter.com,Minecraft,MALILLO
60,amocker1n,rjoderli1n@meetup.com,Rainbow Six Siege,BUENO
381,anoyceak,kgivensak@flavors.me,Apex Legends,MÁQUINA
629,bblewitthg,fcartledgehg@reuters.com,Apex Legends,NORMAL
875,asilloa,nkarolowskioa@yahoo.com,League of Legends,REGULAR
573,ljoinsonfw,jemminesfw@bbb.org,World of Warcraft,MÁQUINA
619,cyakushkevh6,lstourtonh6@wiley.com,Dota 2,MÁQUINA
111,gladyman32,cboullin32@people.com.cn,Rocket League,NORMAL
42,erospars15,tbrogioni15@newyorker.com,Minecraft,PAQUETE
607,vcrudgegu,bwickiegu@unesco.org,Rainbow Six Siege,NORMAL
331,cpaolino96,ekemmons96@tmall.com,Rainbow Six Siege,MALILLO
68,eandresen1v,gdaughtry1v@cam.ac.uk,Rocket League,DIOS
203,sbullan5m,hpowton5m@cmu.edu,Counter-Strike: Global Offensive,NORMAL
370,jgarstanga9,dwarboysa9@nymag.com,Minecraft,PAQUETE
391,rspeirau,ldiemerau@cnbc.com,Dota 2,MALILLO
600,mmccaiggn,dandersgn@walmart.com,Minecraft,BUENO
136,sstrutton3r,ymcfeate3r@alexa.com,Rainbow Six Siege,DIOS
579,mtaleworthg2,joxleyg2@phpbb.com,Rainbow Six Siege,BUENO
525,sfinicjek,bfrasconeek@si.edu,Minecraft,MÁQUINA
801,sharsnepm8,mdaykinm8@blog.com,Fortnite,MÁQUINA
788,hmelhuishlv,tronaghanlv@yandex.ru,Overwatch,MALILLO
245,vjaffra6s,tfantham6s@tamu.edu,Minecraft,NORMAL
340,dtaillard9f,vreast9f@scientificamerican.com,Minecraft,MÁQUINA
761,oterrelll4,bgoodgel4@webnode.com,Rocket League,DIOS
526,dallcornel,jjanningel@sina.com.cn,Dota 2,DIOS
699,sbrantzenje,hpadulaje@geocities.jp,Minecraft,DIOS
915,tgallandpe,nrodenburghpe@goo.ne.jp,Apex Legends,MÁQUINA
260,hstidworthy77,mchapelhow77@guardian.co.uk,League of Legends,PAQUETE
58,lhamal1l,rolsson1l@patch.com,Rocket League,REGULAR
500,bgraddelldv,lgayterdv@t.co,Rocket League,MALILLO
558,jkinneyfh,sspongfh@boston.com,Rocket League,MALILLO
882,owarbeysoh,jwindybankoh@dell.com,Minecraft,DIOS
5,ksenett4,sclaibourn4@hatena.ne.jp,Minecraft,PAQUETE
83,bklossmann2a,tbrenard2a@mozilla.org,Rainbow Six Siege,MALILLO
987,pgrewcockre,fgrinaughre@google.nl,Overwatch,MALILLO
295,oodoghesty86,carnholz86@dyndns.org,Dota 2,NORMAL
865,mvanno0,arobertiso0@xing.com,Dota 2,NORMAL
168,obatter4n,tleger4n@is.gd,Apex Legends,MALILLO
74,bphilpots21,wellings21@ox.ac.uk,Fortnite,BUENO
561,zohickeyfk,drichfk@cam.ac.uk,Counter-Strike: Global Offensive,PAQUETE
259,dreye76,testcourt76@si.edu,World of Warcraft,MÁQUINA
368,mkornasa7,gesmeada7@dmoz.org,Rainbow Six Siege,NORMAL
276,lshrigley7n,mnicholls7n@bloglovin.com,Overwatch,PAQUETE
270,sfeldharker7h,esunners7h@ocn.ne.jp,Dota 2,NORMAL
771,ghabbijamle,cspennockle@cafepress.com,Dota 2,MALILLO
744,btaylerkn,cantrobuskn@msu.edu,Apex Legends,NORMAL
610,rshutergx,cmartegx@smh.com.au,Rocket League,MÁQUINA
464,sswirecv,mwilloughbycv@webeden.co.uk,World of Warcraft,MÁQUINA
914,mgeldefordpd,jbleasdalepd@t-online.de,Rocket League,REGULAR
110,rcharon31,cmeegin31@vimeo.com,Rocket League,NORMAL
188,rchallens57,nwem57@youtu.be,League of Legends,DIOS
459,dcaldeirocq,amowsdalecq@tumblr.com,Apex Legends,NORMAL
861,vproschnw,eharuardnw@omniture.com,Counter-Strike: Global Offensive,REGULAR
674,hmckerleyip,kelletonip@cloudflare.com,League of Legends,REGULAR
740,mcoutteskj,lmacdowalkj@adobe.com,Minecraft,REGULAR
419,jknightonbm,rcurwoodbm@nih.gov,Rocket League,REGULAR
688,raldenj3,lhordellj3@usa.gov,Minecraft,BUENO
769,bmactrustramlc,ksattefordlc@networkadvertising.org,Rainbow Six Siege,MALILLO
580,jchurcherg3,vhouseleeg3@umn.edu,League of Legends,MÁQUINA
556,bmacaneff,mlockerff@360.cn,World of Warcraft,NORMAL
668,lbohlingij,caynscombeij@nhs.uk,Rainbow Six Siege,MALILLO
983,adinningra,vshillaberra@issuu.com,World of Warcraft,REGULAR
234,cpippard6h,bholyard6h@wikipedia.org,Dota 2,BUENO
751,gharrillku,jandratku@csmonitor.com,League of Legends,PAQUETE
504,bmcwhirterdz,nbloxamdz@com.com,Rocket League,NORMAL
32,cilsleyv,wbulwardv@theglobeandmail.com,Rocket League,MÁQUINA
933,jloftpw,alabelpw@altervista.org,Rainbow Six Siege,BUENO
687,gbertsonj2,gchongj2@diigo.com,Minecraft,MALILLO
860,cjancsonv,dblampeynv@bloglines.com,Fortnite,REGULAR
208,mbullers5r,jtithacott5r@apple.com,Overwatch,DIOS
347,chardaker9m,krissom9m@goo.gl,Minecraft,DIOS
150,kbicknell45,aannear45@japanpost.jp,World of Warcraft,MÁQUINA
836,pmcclarenn7,pgavriellin7@fastcompany.com,Fortnite,PAQUETE
95,ihardwick2m,ewohler2m@ning.com,Fortnite,REGULAR
780,zannableln,llanferln@globo.com,Dota 2,MALILLO
474,lbodycombd5,dmunslowd5@cbsnews.com,Counter-Strike: Global Offensive,PAQUETE
1,slongstaffe0,lmaccauley0@chronoengine.com,Rainbow Six Siege,MALILLO
278,wmount7p,lchadd7p@blogger.com,League of Legends,REGULAR
140,nhoulaghan3v,swallwood3v@photobucket.com,Overwatch,NORMAL
977,gjankiewiczr4,ebouttonr4@reverbnation.com,Minecraft,MALILLO
357,twaye9w,edelasci9w@networkadvertising.org,Counter-Strike: Global Offensive,MÁQUINA
588,gmcwardgb,ebyromgb@weebly.com,Apex Legends,MALILLO
303,imcavaddy8e,ccuthbertson8e@va.gov,World of Warcraft,MALILLO
81,sstouther28,aheaney28@upenn.edu,Apex Legends,PAQUETE
239,gbiesterfeld6m,lburgisi6m@vimeo.com,Apex Legends,REGULAR
246,cblandford6t,edampier6t@zimbio.com,World of Warcraft,BUENO
656,dbowhayi7,gphilpini7@cam.ac.uk,Overwatch,PAQUETE
665,dgroverig,gendersig@twitter.com,Dota 2,MÁQUINA
606,npantecostgt,gcastanagt@pagesperso-orange.fr,Rocket League,MÁQUINA
925,aschreurspo,mloniepo@sphinn.com,Rainbow Six Siege,MÁQUINA
281,egoulding7s,bwellwood7s@comcast.net,League of Legends,REGULAR
406,jberksb9,rboylinb9@webs.com,Minecraft,BUENO
212,asimmonite5v,lnutten5v@techcrunch.com,Rainbow Six Siege,REGULAR
151,ydonne46,gtomowicz46@home.pl,Rainbow Six Siege,MÁQUINA
568,nsimonettifr,mscuphamfr@imgur.com,Rainbow Six Siege,REGULAR
538,imcgillacoellex,akopfenex@unc.edu,World of Warcraft,DIOS
886,hheffernanol,pchilverol@mapy.cz,Counter-Strike: Global Offensive,REGULAR
66,sclowley1t,jbeamiss1t@ustream.tv,World of Warcraft,PAQUETE
23,rormesherm,tlethebridgem@nydailynews.com,Fortnite,REGULAR
402,kmiskenb5,cdiegob5@issuu.com,Overwatch,MALILLO
257,gcouvert74,logborne74@howstuffworks.com,Rocket League,NORMAL
287,cmendenhall7y,fmephan7y@google.co.jp,League of Legends,NORMAL
923,vthurlbournepm,kboydonpm@mozilla.com,League of Legends,PAQUETE
210,rmckinn5t,fbernardoux5t@un.org,Rainbow Six Siege,MÁQUINA
189,tcorneck58,lnapoleone58@plala.or.jp,Dota 2,REGULAR
242,gpittham6p,seldritt6p@nhs.uk,Overwatch,BUENO
275,dhanwell7m,ghollington7m@odnoklassniki.ru,Dota 2,NORMAL
777,fkleiserlk,rdoltonlk@cornell.edu,Rocket League,MALILLO
362,cwonfara1,wrozziera1@microsoft.com,Minecraft,NORMAL
182,knorthage51,lgrouse51@hc360.com,Minecraft,BUENO
93,fpapen2k,werskine2k@weibo.com,Minecraft,REGULAR
833,cebanksn4,gchristoforn4@nifty.com,Fortnite,BUENO
956,lturvilleqj,rendenqj@bbc.co.uk,Counter-Strike: Global Offensive,PAQUETE
981,ilatheyr8,mkiller8@topsy.com,Apex Legends,BUENO
89,igillison2g,dbaitman2g@storify.com,Dota 2,REGULAR
876,mwickrathob,ftidmasob@disqus.com,Rainbow Six Siege,MÁQUINA
989,abickmorerg,npaurrg@ehow.com,Rocket League,BUENO
521,jpetrushkevicheg,cstateeg@last.fm,League of Legends,MÁQUINA
950,jotyqd,serbainqd@cnet.com,Rainbow Six Siege,MALILLO
1002,quehaysuerte,qhs@gmail.com,ninguno,DIOS
747,alammerskq,fblodgettskq@nba.com,Overwatch,NORMAL
485,nbygreavesdg,awozencroftdg@google.cn,Rainbow Six Siege,MÁQUINA
117,jbeedie38,ishawyers38@pcworld.com,League of Legends,DIOS
145,cmcausland40,fbarriball40@goo.ne.jp,League of Legends,REGULAR
170,mpalfery4p,pdonnan4p@canalblog.com,Dota 2,BUENO
603,alickorishgq,ckayesgq@technorati.com,Overwatch,DIOS
241,mreany6o,jdowbakin6o@engadget.com,Overwatch,NORMAL
233,nmattusov6g,gahren6g@pbs.org,Rainbow Six Siege,DIOS
356,billston9v,lrein9v@baidu.com,Minecraft,MALILLO
437,mfensomec4,hmiltonwhitec4@istockphoto.com,Fortnite,BUENO
985,jklugelrc,gjellardrc@yolasite.com,Apex Legends,MALILLO
701,kwillmottjg,amartensenjg@so-net.ne.jp,Fortnite,PAQUETE
4,djannings3,rchallener3@parallels.com,Fortnite,BUENO
315,mvanderson8q,twhatmough8q@vinaora.com,Apex Legends,MÁQUINA
953,jsnazelqg,gdaalqg@woothemes.com,Rocket League,REGULAR
722,ovreibergk1,srubensk1@ebay.com,Minecraft,BUENO
440,kspainc7,znoonc7@amazonaws.com,Apex Legends,PAQUETE
480,wcianidb,sclemendetdb@hostgator.com,Overwatch,MÁQUINA
930,gsansburypt,dthynnpt@ustream.tv,Overwatch,PAQUETE
936,vcamockepz,vbevirpz@pbs.org,Rainbow Six Siege,NORMAL
928,cchannonpr,kalbropr@bbb.org,Overwatch,DIOS
767,cgyurkola,ivasilyonokla@yelp.com,Apex Legends,DIOS
639,lpetersenhq,cskeemerhq@twitter.com,Dota 2,REGULAR
6,tfallens5,ddoumerc5@geocities.com,Rainbow Six Siege,MÁQUINA
228,jskill6b,ichowne6b@angelfire.com,Fortnite,NORMAL
745,bstrattanko,astollko@ehow.com,Rainbow Six Siege,MALILLO
912,gboydapb,dschulepb@epa.gov,Rocket League,MALILLO
508,emcuree3,ahanharte3@nih.gov,League of Legends,MÁQUINA
634,iheinrichhl,gpedlarhl@blogtalkradio.com,Overwatch,PAQUETE
394,rcurrallax,cmatticciax@studiopress.com,League of Legends,PAQUETE
401,jgreenroadb4,efreakb4@dot.gov,Overwatch,BUENO
952,pglantzqf,ldmitrqf@xrea.com,Overwatch,REGULAR
41,mkovelmann14,cbelton14@fc2.com,Counter-Strike: Global Offensive,DIOS
90,jleblanc2h,rwaycot2h@census.gov,World of Warcraft,DIOS
537,bantonomoliiew,cgouldstoneew@fema.gov,Rocket League,NORMAL
878,wburkertod,raltoftod@marketwatch.com,League of Legends,MÁQUINA
874,hlakero9,tcarsono9@reference.com,League of Legends,MALILLO
154,vocorrigane49,cillyes49@sohu.com,Minecraft,MALILLO
121,bmaclaig3c,kmcnamee3c@g.co,Rocket League,DIOS
205,epenwarden5o,avanbrugh5o@nba.com,Counter-Strike: Global Offensive,MÁQUINA
692,bbartoszewiczj7,rgentj7@webnode.com,Apex Legends,DIOS
431,klebbernby,cpleasaunceby@washingtonpost.com,Rainbow Six Siege,MALILLO
932,farnettpv,bmonikerpv@seesaa.net,League of Legends,REGULAR
719,iklaesjy,chasnipjy@geocities.com,Rocket League,REGULAR
226,cjerger69,vmogridge69@latimes.com,Dota 2,MÁQUINA
475,blampaertd6,slonderd6@rakuten.co.jp,World of Warcraft,MALILLO
467,csurmeyerscy,ndegiovannicy@eventbrite.com,Fortnite,REGULAR
513,tpergense8,smethe8@tinyurl.com,Dota 2,MALILLO
732,kjoselevitzkb,cyarkerkb@odnoklassniki.ru,World of Warcraft,REGULAR
39,colivazzi12,tcolumbell12@wikispaces.com,League of Legends,BUENO
86,wjacquot2d,spedwell2d@illinois.edu,Rocket League,BUENO
330,yvolke95,awisden95@cnn.com,Overwatch,NORMAL
382,jgoodbanal,ceuleral@apple.com,Apex Legends,REGULAR
94,mlarcher2l,awillerstone2l@creativecommons.org,Counter-Strike: Global Offensive,NORMAL
28,cclarridger,rbohljer@jiathis.com,Apex Legends,MALILLO
405,apicb8,bschruyerb8@nih.gov,Dota 2,BUENO
363,ndykaa2,rsteelya2@sbwire.com,Apex Legends,PAQUETE
272,dwedmore7j,cogormally7j@google.com.hk,Counter-Strike: Global Offensive,REGULAR
173,ysullens4s,ccrabb4s@1und1.de,Apex Legends,MALILLO
969,lgogginqw,acadremanqw@vimeo.com,League of Legends,PAQUETE
992,brullerrj,cgorckerj@altervista.org,Apex Legends,BUENO
374,gcockliead,adurnfordad@nifty.com,Rainbow Six Siege,BUENO
809,narchanbaultmg,ckneafseymg@instagram.com,Minecraft,REGULAR
255,fgirardoni72,koboy72@nymag.com,Minecraft,MALILLO
380,klempertzaj,amattheisaj@issuu.com,World of Warcraft,PAQUETE
105,scud2w,eoldknowe2w@edublogs.org,Dota 2,MÁQUINA
612,ableymangz,cdeverillegz@networkadvertising.org,Minecraft,MALILLO
408,twedgbrowbb,cfilipovbb@nhs.uk,Rocket League,DIOS
817,bivoshinmo,jpimblottemo@geocities.com,Dota 2,PAQUETE
839,jprocterna,cjolleyna@topsy.com,Dota 2,BUENO
216,mweich5z,oaronstein5z@baidu.com,Rocket League,PAQUETE
284,oruggiero7v,qmowsley7v@columbia.edu,Rainbow Six Siege,MÁQUINA
844,ntremberthnf,lmeinernf@taobao.com,Rainbow Six Siege,MÁQUINA
56,sgalletly1j,ljehu1j@dmoz.org,Counter-Strike: Global Offensive,BUENO
324,pwalmsley8z,cmedina8z@pinterest.com,Counter-Strike: Global Offensive,BUENO
335,lbrudenell9a,cdurno9a@pinterest.com,Rainbow Six Siege,BUENO
918,jmccallisterph,aabbaph@addthis.com,Dota 2,DIOS
824,crenoufmv,ditzhakmv@examiner.com,World of Warcraft,NORMAL
429,wstorrbw,ntoffolonibw@pbs.org,League of Legends,NORMAL
452,eescotcj,kshephardcj@ibm.com,Minecraft,PAQUETE
787,kgreenoughlu,vdannohllu@diigo.com,League of Legends,PAQUETE
685,ekebellj0,rinnettj0@ovh.net,Fortnite,PAQUETE
990,jdustingrh,sphilipsonrh@springer.com,Dota 2,REGULAR
991,cupstonri,hlagori@paypal.com,League of Legends,PAQUETE
371,aleekaa,rlimeburneraa@tmall.com,Apex Legends,PAQUETE
871,sdonio6,cgammillo6@deliciousdays.com,Fortnite,DIOS
731,kbeedleka,profeka@va.gov,Rocket League,MÁQUINA
125,sfaulkes3g,spepperell3g@hp.com,Apex Legends,MALILLO
649,iquadlingi0,csussexi0@bigcartel.com,Dota 2,MALILLO
984,sambagerb,jcatherallrb@unicef.org,Rocket League,BUENO
386,hbolfap,zgulliventap@wikispaces.com,League of Legends,MÁQUINA
570,marpft,tgoldeft@live.com,Rocket League,MALILLO
414,efattoribh,agumnbh@github.com,Apex Legends,DIOS
217,adennerley60,htick60@npr.org,Overwatch,BUENO
738,icharopenkh,challadaykh@google.com.br,League of Legends,MÁQUINA
613,ltinmanh0,sgoldringh0@google.cn,Apex Legends,BUENO
30,cingremt,sflobertt@feedburner.com,League of Legends,BUENO
35,jbarhemy,hbasillony@businessweek.com,Minecraft,NORMAL
659,rfremantleia,cantosikia@dagondesign.com,Fortnite,PAQUETE
476,wdurbind7,mmowsond7@de.vu,Counter-Strike: Global Offensive,REGULAR
88,shugonin2f,aoriordan2f@toplist.cz,Apex Legends,PAQUETE
300,rtomkys8b,bsahnow8b@omniture.com,Apex Legends,NORMAL
581,gantonopoulosg4,sdoyg4@youtube.com,Overwatch,MÁQUINA
884,saaronsonoj,lhaskewoj@imgur.com,Counter-Strike: Global Offensive,PAQUETE
435,tlourensc2,gpirazzic2@redcross.org,Apex Legends,BUENO
395,rmccurtainay,jkilgouray@home.pl,Rainbow Six Siege,DIOS
640,gmacphadenhr,dandrichr@europa.eu,Dota 2,BUENO
723,rsingersk2,rvowdonk2@sun.com,Rainbow Six Siege,MÁQUINA
213,kbernardon5w,gdrury5w@wiley.com,Minecraft,PAQUETE
271,mgillions7i,kkeates7i@blog.com,Rocket League,MÁQUINA
322,jroxburch8x,lhinsch8x@ehow.com,Apex Legends,REGULAR
73,wluker20,cmccloid20@godaddy.com,Rainbow Six Siege,DIOS
433,sweymouthc0,hduesterc0@mayoclinic.com,League of Legends,BUENO
397,asuermeierb0,pritchleyb0@live.com,Overwatch,REGULAR
443,mizzatca,bschieferstenca@java.com,Minecraft,REGULAR
343,rbroun9i,rkenewel9i@youku.com,World of Warcraft,MALILLO
252,mallanby6z,asailor6z@godaddy.com,Dota 2,MÁQUINA
64,cpavy1r,vdunmore1r@mayoclinic.com,Rocket League,BUENO
352,emeriot9r,acoldicott9r@hostgator.com,Fortnite,NORMAL
44,cgittose17,irawls17@forbes.com,World of Warcraft,NORMAL
192,sdallmann5b,fnewman5b@youtube.com,Counter-Strike: Global Offensive,MALILLO
502,amanueledx,hcooldx@multiply.com,Minecraft,BUENO
462,afetherstonect,phagardct@feedburner.com,Overwatch,DIOS
449,dyakebovichcg,lrichardescg@blogger.com,Overwatch,MÁQUINA
706,egrittonjl,mbromheadjl@ocn.ne.jp,Apex Legends,MÁQUINA
758,uhilldropl1,gparradinel1@vimeo.com,World of Warcraft,DIOS
909,aboutflourp8,flampp8@eventbrite.com,Rocket League,NORMAL
710,ccaneyjp,jrisdalljp@360.cn,Apex Legends,MALILLO
179,acornelissen4y,dende4y@biblegateway.com,Fortnite,NORMAL
862,rcrotchnx,ahabbijamnx@live.com,League of Legends,NORMAL
36,cbeswellz,stukez@imageshack.us,Rainbow Six Siege,DIOS
796,rlissandrinim3,lvenardm3@wikipedia.org,Minecraft,BUENO
487,pkeenandi,chadwickdi@comsenz.com,World of Warcraft,MALILLO
80,jwinch27,ploughney27@chronoengine.com,World of Warcraft,MALILLO
174,rdoddridge4t,scaig4t@reuters.com,Minecraft,MÁQUINA
854,bsquibbesnp,mkunzelmannnp@shop-pro.jp,Overwatch,MALILLO
52,dwandrich1f,ccrathorne1f@facebook.com,Rocket League,MALILLO
198,rdunkerly5h,ngaul5h@ftc.gov,World of Warcraft,MALILLO
645,thoweshw,cwainerhw@ezinearticles.com,Overwatch,REGULAR
695,aeastbyja,egreenroydja@i2i.jp,Fortnite,BUENO
996,obaumerrn,lcooganrn@yahoo.co.jp,Dota 2,MÁQUINA
82,ydeinert29,hochterlonie29@discovery.com,Dota 2,PAQUETE
8,rvurley7,plithgow7@vkontakte.ru,League of Legends,REGULAR
957,ksimkissqk,npenderedqk@geocities.jp,Rocket League,DIOS
98,frannells2p,nwaine2p@instagram.com,Rainbow Six Siege,DIOS
265,jcassley7c,agrealey7c@sitemeter.com,Rainbow Six Siege,MÁQUINA
721,bberisfordk0,ddytek0@opensource.org,Overwatch,PAQUETE
705,lsturdeyjk,bearsmanjk@360.cn,League of Legends,MALILLO
351,fpellington9q,gfranchi9q@example.com,League of Legends,PAQUETE
232,icumesky6f,emccorry6f@nih.gov,Rainbow Six Siege,BUENO
637,cwhitnellho,nleprevostho@rediff.com,Apex Legends,REGULAR
376,cbarberaf,hberreaf@marriott.com,Minecraft,BUENO
848,habraminj,nprestidgenj@drupal.org,World of Warcraft,MALILLO
320,nneasam8v,imaccurley8v@google.com.hk,Dota 2,NORMAL
230,cterese6d,mtoynbee6d@nydailynews.com,World of Warcraft,REGULAR
224,aliff67,lroast67@github.com,Rainbow Six Siege,NORMAL
311,mcatford8m,aaylett8m@epa.gov,League of Legends,REGULAR
885,bcroslandok,kpolinok@e-recht24.de,Rocket League,REGULAR
998,vclokerp,fgiblingrp@baidu.com,Apex Legends,NORMAL
756,sovettkz,idurkerkz@ifeng.com,Apex Legends,REGULAR
423,bskonebq,liffebq@ezinearticles.com,League of Legends,MALILLO
904,mflannep3,cmatsonp3@google.fr,Counter-Strike: Global Offensive,DIOS
972,hhlavecekqz,hguilletqz@xing.com,Counter-Strike: Global Offensive,REGULAR
481,bbeneixdc,lpodddc@infoseek.co.jp,Rocket League,MÁQUINA
679,dcrombiu,svanderbaareniu@jiathis.com,Rainbow Six Siege,MÁQUINA
298,wcanavan89,wharbard89@etsy.com,Counter-Strike: Global Offensive,REGULAR
491,fcoppendm,ascramagedm@cdbaby.com,Rocket League,REGULAR
97,pwillows2o,cmole2o@issuu.com,Apex Legends,NORMAL
821,asmeedms,sducastelms@plala.or.jp,Counter-Strike: Global Offensive,DIOS
794,romarm1,dgebhardm1@quantcast.com,Apex Legends,MÁQUINA
857,chirtzns,bbisleyns@reddit.com,Minecraft,DIOS
536,ccutfordev,cenneverev@globo.com,Dota 2,REGULAR
333,kdunn98,tshapero98@cnbc.com,Dota 2,MALILLO
441,emanuelec8,cnethercliftc8@nih.gov,Apex Legends,MÁQUINA
361,hpagdena0,eveleza0@woothemes.com,Dota 2,MÁQUINA
494,aviolletdp,dhukindp@ehow.com,Counter-Strike: Global Offensive,MÁQUINA
726,cavrasink5,ibottrellk5@is.gd,Overwatch,PAQUETE
24,egwyern,amacgregorn@huffingtonpost.com,Rainbow Six Siege,DIOS
567,bbattamsfq,kgeorgeotfq@cpanel.net,Fortnite,REGULAR
499,efladgatedu,hlinfootdu@facebook.com,Apex Legends,MÁQUINA
890,ghallwellop,sbuckthoughtop@hao123.com,Overwatch,MÁQUINA
528,vdedmanen,acoadeen@unc.edu,World of Warcraft,DIOS
520,fdonhardtef,emclugaishef@ihg.com,Minecraft,MALILLO
156,cbalhatchet4b,aodonoghue4b@4shared.com,Rainbow Six Siege,MÁQUINA
911,gprydepa,mflugerpa@bing.com,Rainbow Six Siege,MALILLO
375,agartinae,achurchinae@businesswire.com,Rocket League,NORMAL
594,rpastorgh,scorringtongh@patch.com,Rainbow Six Siege,REGULAR
616,kjellybrandh3,vhowtonh3@soup.io,Counter-Strike: Global Offensive,NORMAL
670,mettelsil,jlayfieldil@flickr.com,Fortnite,REGULAR
684,cyakobovitziz,jmapholmiz@patch.com,Rocket League,DIOS
91,bciccoloi2i,ebrigge2i@hao123.com,Apex Legends,MÁQUINA
589,bcorkittgc,hrestillgc@ow.ly,Rainbow Six Siege,MALILLO
31,nmapledoramu,sscapelhornu@goodreads.com,Fortnite,PAQUETE
625,mshreeveshc,pmadgwickhc@slate.com,Minecraft,PAQUETE
808,tswindleymf,jmingeymf@symantec.com,Rainbow Six Siege,MALILLO
954,lmcgroryqh,lhallanqh@pbs.org,Rocket League,REGULAR
587,bsanzioga,churrenga@ning.com,League of Legends,MÁQUINA
385,srosewarneao,gbarbierao@google.ca,Fortnite,BUENO
964,djonkeqr,triddockqr@github.io,Overwatch,NORMAL
697,jgiacomuzzojc,pstokesjc@latimes.com,Dota 2,NORMAL
826,eboogmx,jkensittmx@people.com.cn,Rainbow Six Siege,REGULAR
477,sburked8,laxond8@google.com.hk,League of Legends,REGULAR
583,hvaderg6,bshrubsallg6@constantcontact.com,Minecraft,MALILLO
221,yhanhardt64,prandalson64@hao123.com,Dota 2,MÁQUINA
628,rnetleyhf,vskinglehf@yellowbook.com,Dota 2,PAQUETE
750,mlegricekt,kshearmankt@booking.com,Apex Legends,PAQUETE
959,cfaragherqm,bglennardqm@reverbnation.com,League of Legends,DIOS
209,lcuerdale5s,sdreinan5s@sourceforge.net,League of Legends,NORMAL
103,nfoucar2u,egreenside2u@sun.com,World of Warcraft,MÁQUINA
960,sstrangmanqn,gstreetenqn@bloglovin.com,Rainbow Six Siege,DIOS
266,geagland7d,ctwomey7d@cnet.com,Fortnite,BUENO
815,jebrallmm,ckeelmm@oakley.com,Minecraft,MALILLO
892,bbentzor,rkeableor@dailymotion.com,Overwatch,BUENO
778,asergentll,sskeetell@taobao.com,World of Warcraft,NORMAL
388,gedgehillar,ldungatear@bizjournals.com,League of Legends,MÁQUINA
940,aspinleyq3,elakesq3@apache.org,League of Legends,DIOS
611,epeticangy,rbruingy@usda.gov,Minecraft,BUENO
895,bwoodburneou,opetrasekou@foxnews.com,Dota 2,NORMAL
922,hyarnpl,glidbetterpl@globo.com,Rocket League,BUENO
544,bburchmoref3,abaulcombef3@goodreads.com,World of Warcraft,MÁQUINA
718,dgunthorpejx,jmegaheyjx@networksolutions.com,Counter-Strike: Global Offensive,REGULAR
650,khardwichi1,fbowcocki1@mtv.com,Rainbow Six Siege,MÁQUINA
921,pbottrellpk,ebellordpk@liveinternet.ru,League of Legends,REGULAR
550,truslinf9,lbrannf9@comsenz.com,League of Legends,REGULAR
757,nloughlanl0,etextonl0@multiply.com,Fortnite,PAQUETE
838,rwhitecrossn9,asemradn9@yahoo.com,Apex Legends,MÁQUINA
332,ahellsdon97,cornils97@lycos.com,Rainbow Six Siege,DIOS
46,hwarham19,cmcgahy19@youku.com,Minecraft,MALILLO
823,csloanmu,gnotmanmu@alibaba.com,Overwatch,MALILLO
515,fbascombeea,cleconteea@purevolume.com,Dota 2,REGULAR
302,rwiddowes8d,rtebbett8d@msn.com,Rainbow Six Siege,NORMAL
635,dvosehm,wklimaszewskihm@gmpg.org,Overwatch,PAQUETE
804,nkrautmb,hheyworthmb@blogs.com,Overwatch,REGULAR
468,jbrodestcz,aoscanloncz@cocolog-nifty.com,Rocket League,MÁQUINA
700,tquinnetjf,ewingfieldjf@bing.com,League of Legends,REGULAR
772,mweatherburnlf,amccoylf@bloglovin.com,Overwatch,PAQUETE
142,fcallum3x,fkitney3x@irs.gov,Overwatch,DIOS
238,csoutherden6l,rstaziker6l@reddit.com,League of Legends,NORMAL
277,sderges7o,gdimitriev7o@slashdot.org,Counter-Strike: Global Offensive,NORMAL
390,kgaskerat,eodoghestyat@blogspot.com,Counter-Strike: Global Offensive,MALILLO
296,lcrowley87,kwhiston87@cdc.gov,Fortnite,PAQUETE
916,bdowearspf,dkoschkepf@alexa.com,League of Legends,MÁQUINA
490,fturndl,wandryushchenkodl@mac.com,Apex Legends,MALILLO
373,nmerryweatherac,ubrockingtonac@edublogs.org,Counter-Strike: Global Offensive,MÁQUINA
523,mheatlieei,mipsleyei@bizjournals.com,World of Warcraft,REGULAR
717,rmulreanjw,bmalecjw@etsy.com,Minecraft,MÁQUINA
87,dniave2e,mdoram2e@w3.org,Fortnite,MALILLO
698,jcarrierjd,bgeroldojd@discovery.com,Rainbow Six Siege,MÁQUINA
26,rminearp,amedcalfp@state.gov,Apex Legends,NORMAL
664,bribeyif,stollerfieldif@dailymail.co.uk,Rainbow Six Siege,NORMAL
782,rsprowelllp,moleaghamlp@clickbank.net,League of Legends,NORMAL
199,djeffries5i,mbeste5i@goodreads.com,Rainbow Six Siege,MALILLO
280,gklemenz7r,bacock7r@blinklist.com,Minecraft,PAQUETE
378,kprobatah,nmailesah@fotki.com,Rocket League,PAQUETE
137,lrobbs3s,gcaplan3s@foxnews.com,Rocket League,DIOS
704,bjolleyjj,whunsworthjj@t-online.de,Rainbow Six Siege,MALILLO
638,vtoothillhp,jbassamhp@nationalgeographic.com,Counter-Strike: Global Offensive,MALILLO
113,kcrotch34,ghammerman34@hibu.com,Counter-Strike: Global Offensive,REGULAR
253,gallnatt70,bhatchell70@bloglovin.com,World of Warcraft,DIOS
379,jjannequinai,kmclernonai@hugedomains.com,Overwatch,MALILLO
713,jjoslynjs,mloosmorejs@miibeian.gov.cn,Overwatch,PAQUETE
973,cmurcuttr0,rashfieldr0@cyberchimps.com,Overwatch,MÁQUINA
348,shelbeck9n,bhalstead9n@shinystat.com,Minecraft,MALILLO
873,rkibbyeo8,ptatfordo8@chronoengine.com,Counter-Strike: Global Offensive,REGULAR
99,jfeenan2q,sbonevant2q@chron.com,Minecraft,MALILLO
653,sbartai4,tcardelloi4@va.gov,Apex Legends,PAQUETE
654,ptetti5,gsenecauxi5@gravatar.com,Overwatch,DIOS
307,iparkin8i,fdumsday8i@blogspot.com,World of Warcraft,BUENO
297,mswaton88,dreyes88@irs.gov,Overwatch,BUENO
458,agarmanscp,vklaassenscp@ycombinator.com,Minecraft,REGULAR
469,wmartinad0,adelld0@amazon.com,Overwatch,MALILLO
716,tzorzijv,dniccolsjv@gizmodo.com,Dota 2,MÁQUINA
143,ldodworth3y,sstuart3y@about.me,Apex Legends,MALILLO
562,msindlefl,fbalstonfl@gizmodo.com,Rainbow Six Siege,BUENO
187,ogatrell56,voloshin56@prlog.org,Minecraft,BUENO
14,wmorlingd,criggottd@fc2.com,Rainbow Six Siege,MALILLO
49,ezarfai1c,edoylend1c@netvibes.com,Minecraft,PAQUETE
51,apycock1e,stemple1e@forbes.com,Counter-Strike: Global Offensive,MÁQUINA
577,ajowlingg0,echinag0@github.io,Minecraft,MÁQUINA
286,ahotson7x,sstruttman7x@ucla.edu,Rocket League,BUENO
533,dhayees,tsibbees@yolasite.com,Fortnite,DIOS
733,bcayetkc,cshaylerkc@edublogs.org,Rainbow Six Siege,REGULAR
584,asongerg7,rsambellsg7@walmart.com,Rocket League,MALILLO
572,kscutchingsfv,fskillicornfv@twitpic.com,Dota 2,NORMAL
689,kbertolinj4,wiacofoj4@wisc.edu,Counter-Strike: Global Offensive,REGULAR
889,bsmithiesoo,fwildishoo@google.com.au,League of Legends,MALILLO
398,npichefordb1,rfermorb1@latimes.com,Counter-Strike: Global Offensive,REGULAR
358,civeson9x,bdiggell9x@themeforest.net,Counter-Strike: Global Offensive,REGULAR
473,fmcmanusd4,jcunnelld4@bloomberg.com,Fortnite,BUENO
146,ggrice41,ohoyte41@stumbleupon.com,Overwatch,PAQUETE
790,jcoadylx,mstapelelx@cafepress.com,Apex Legends,REGULAR
671,lforoim,ogageim@yellowbook.com,Dota 2,MÁQUINA
752,tmacmoyerkv,abraneykv@google.com.br,Fortnite,BUENO
274,wcomben7l,pfullilove7l@51.la,Counter-Strike: Global Offensive,MALILLO
666,ktregenzaih,mperschkeih@stanford.edu,League of Legends,MALILLO
92,emetterick2j,mdellcasa2j@wix.com,Counter-Strike: Global Offensive,REGULAR
506,bblythe1,imathiote1@nytimes.com,Rocket League,REGULAR
708,sgeffenjn,fhewinsjn@etsy.com,Dota 2,REGULAR
195,nbrenneke5e,benrique5e@mediafire.com,Dota 2,REGULAR
849,mlotenk,mvarndallnk@altervista.org,Overwatch,REGULAR
25,kshulvero,lspadao@friendfeed.com,Rainbow Six Siege,PAQUETE
749,jgonsalvoks,hbinnieks@theglobeandmail.com,Minecraft,PAQUETE
903,llinsterp2,tlankfordp2@salon.com,Fortnite,DIOS
711,vferrellijq,rleemanjq@pinterest.com,League of Legends,BUENO
962,kneilandqp,lrickcordqp@printfriendly.com,Dota 2,MALILLO
965,bfearsqs,nligertwoodqs@hostgator.com,Rainbow Six Siege,DIOS
597,kgoodramgk,rkmiecgk@jimdo.com,Apex Legends,MALILLO
994,nbickrl,sokanerl@mac.com,League of Legends,NORMAL
559,wsisselfi,dbristoefi@kickstarter.com,Rainbow Six Siege,MALILLO
691,mfruddj6,ggettenj6@ebay.co.uk,League of Legends,PAQUETE
924,erhulepn,rbarhimspn@merriam-webster.com,Rocket League,MALILLO
47,mrosbotham1a,jacreman1a@lulu.com,Minecraft,PAQUETE
310,sproback8l,bstucke8l@amazonaws.com,League of Legends,REGULAR
507,khugenine2,bdupoye2@arizona.edu,Rocket League,DIOS
762,sdodswelll5,gwardalel5@slate.com,World of Warcraft,MALILLO
524,kcommuzzoej,socannanej@usda.gov,Rocket League,NORMAL
967,tpadleyqu,ljoontjesqu@slashdot.org,Minecraft,BUENO
901,jscrivenorp0,kgartshorep0@free.fr,Minecraft,MÁQUINA
144,smassen3z,gsego3z@ovh.net,Overwatch,DIOS
122,ayegorovnin3d,crein3d@cloudflare.com,Fortnite,PAQUETE
530,nkillingsworthep,enecrewsep@sitemeter.com,Counter-Strike: Global Offensive,NORMAL
69,nrichemont1w,lwhiteson1w@samsung.com,Dota 2,REGULAR
131,tmeugens3m,agreenham3m@about.me,Apex Legends,DIOS
496,dhasserdr,nbehnedr@oakley.com,League of Legends,MÁQUINA
258,mjoanic75,vtenaunt75@angelfire.com,World of Warcraft,MALILLO
466,kelsworthcx,gpresshaughcx@eepurl.com,Rainbow Six Siege,NORMAL
615,tseymerh2,hcavnorh2@youtu.be,Dota 2,PAQUETE
532,emalehamer,fsangarer@pinterest.com,League of Legends,REGULAR
289,acraufurd80,ddeathridge80@homestead.com,Rocket League,BUENO
657,gnoadesi8,aleggotti8@360.cn,Apex Legends,MÁQUINA
535,ftomasikeu,cchrystaleu@wikia.com,Rainbow Six Siege,MÁQUINA
927,tecclesharepq,gbartalinipq@pagesperso-orange.fr,Rainbow Six Siege,BUENO
574,sreaganfx,sdoddrellfx@jugem.jp,Rocket League,MÁQUINA
479,smaccrackenda,vcolleyda@bbb.org,Rocket League,BUENO
152,wslegg47,gguerreiro47@shop-pro.jp,Dota 2,MÁQUINA
518,jbrackenridgeed,cupsoned@stumbleupon.com,World of Warcraft,DIOS
834,ffeeneyn5,wandressern5@so-net.ne.jp,Counter-Strike: Global Offensive,BUENO
250,mgoudge6x,msimpole6x@psu.edu,League of Legends,MALILLO
766,gkikkel9,amapplesl9@soundcloud.com,Minecraft,MALILLO
622,gtubbyh9,fcollh9@t.co,Rainbow Six Siege,PAQUETE
194,ahiner5d,dgash5d@weibo.com,Rocket League,MALILLO
798,redsallm5,qbutenm5@cdbaby.com,Rocket League,REGULAR
114,amaulin35,cmcfeat35@xing.com,Counter-Strike: Global Offensive,REGULAR
109,mfarbrother30,bloud30@census.gov,World of Warcraft,DIOS
879,hgerinoe,sayliffoe@issuu.com,Counter-Strike: Global Offensive,BUENO
321,hlamshead8w,ccurson8w@ycombinator.com,Overwatch,PAQUETE
369,asavila8,akennairda8@vkontakte.ru,Minecraft,DIOS
132,npeltz3n,lgilyott3n@go.com,Apex Legends,BUENO
938,rmantonq1,gcloseq1@liveinternet.ru,World of Warcraft,MALILLO
510,jjackee5,klustye5@parallels.com,Apex Legends,REGULAR
724,dhurringk3,pcordovak3@hexun.com,Minecraft,MALILLO
12,erafteryb,nisaqb@unicef.org,Rocket League,PAQUETE
20,sextilj,mmcevonj@shinystat.com,Fortnite,MALILLO
880,codellof,eterrellof@apple.com,Dota 2,MÁQUINA
741,speaseykk,acastlemankk@soundcloud.com,Fortnite,BUENO
795,yyendallm2,wogleym2@4shared.com,Fortnite,DIOS
942,fhimsworthq5,crolleyq5@networkadvertising.org,Counter-Strike: Global Offensive,MALILLO
345,esouthon9k,bmein9k@blog.com,Rainbow Six Siege,MALILLO
427,ifrancescucciobu,rmerrellbu@toplist.cz,Rainbow Six Siege,NORMAL
831,hkairnsn2,tsandersonn2@mapy.cz,Apex Legends,BUENO
185,lkenelin54,bbusen54@va.gov,Fortnite,DIOS
59,sroussell1m,sharrill1m@spiegel.de,Apex Legends,BUENO
360,acornuau9z,cphilps9z@amazon.de,Dota 2,MÁQUINA
835,lscotchbrookn6,lillyesn6@ustream.tv,Fortnite,BUENO
540,ryoudellez,asimoniez@diigo.com,Minecraft,MÁQUINA
519,gdaiceee,bbedleee@dell.com,League of Legends,DIOS
867,tbuddingo2,aburro2@dailymotion.com,Fortnite,REGULAR
894,freicheltot,livankinot@feedburner.com,Fortnite,MÁQUINA
34,ggrzesiakx,mfirmanx@nasa.gov,Dota 2,REGULAR
883,emckeownoi,pmachosteoi@twitter.com,Overwatch,NORMAL
800,ccissenm7,eparrm7@blogspot.com,World of Warcraft,REGULAR
288,djirek7z,clytell7z@washingtonpost.com,Fortnite,DIOS
251,mheales6y,aberre6y@pbs.org,Dota 2,NORMAL
958,mbainsql,zbendixql@altervista.org,Rocket League,NORMAL
336,tshackle9b,ehurne9b@sogou.com,Apex Legends,MÁQUINA
413,apriddlebg,ywellanbg@example.com,Minecraft,DIOS
453,tcarnewck,tmcinneryck@foxnews.com,Rainbow Six Siege,NORMAL
819,gciubutaromq,erumneymq@naver.com,Rocket League,MÁQUINA
920,achristopherpj,jhoultpj@amazon.de,Counter-Strike: Global Offensive,MÁQUINA
827,ageanemy,msplevinmy@google.pl,World of Warcraft,NORMAL
483,dsmailde,hciobutarode@redcross.org,Rocket League,MALILLO
104,mannatt2v,nosbaldstone2v@about.com,Apex Legends,NORMAL
383,emullinam,wtoppinam@cnet.com,Apex Legends,NORMAL
439,eshernockc6,mbruckshawc6@cocolog-nifty.com,Rocket League,DIOS
863,mknottonny,spummeryny@addtoany.com,Rocket League,REGULAR
825,icumberlidgemw,kwabbmw@pinterest.com,Minecraft,NORMAL
15,abridglande,epillinge@oaic.gov.au,Dota 2,DIOS
651,lfolomkini2,creicherzi2@kickstarter.com,Counter-Strike: Global Offensive,REGULAR
541,kottonf0,hraschf0@slate.com,Fortnite,DIOS
432,umcmainsbz,djukesbz@guardian.co.uk,Fortnite,BUENO
470,aboald1,bmanueld1@japanpost.jp,Rocket League,PAQUETE
982,fjoveyr9,rwailesr9@huffingtonpost.com,Rainbow Six Siege,NORMAL
907,bfonsop6,ktessymanp6@google.ca,World of Warcraft,NORMAL
155,kduell4a,cgoadsby4a@merriam-webster.com,World of Warcraft,BUENO
372,epeterkenab,mbawmeab@creativecommons.org,Apex Legends,MALILLO
184,vwalsh53,abrandle53@themeforest.net,Rocket League,MÁQUINA
172,enorcliff4r,blunk4r@spotify.com,Apex Legends,NORMAL
939,idrysdellq2,nstaynesq2@mozilla.com,Fortnite,MÁQUINA
569,gtwattfs,tgilbyfs@taobao.com,Overwatch,PAQUETE
595,edufergi,mtrahmelgi@edublogs.org,Rocket League,DIOS
586,apantecostg9,mbrissetg9@loc.gov,Fortnite,REGULAR
764,cswadlingel7,teusdenl7@google.com.hk,Fortnite,NORMAL
643,kbunklehu,rchingehu@myspace.com,Overwatch,MÁQUINA
770,grounceld,csommerld@exblog.jp,Overwatch,BUENO
644,bturnpennyhv,kbiasettihv@latimes.com,Fortnite,NORMAL
763,ccrombl6,pvasilel6@newyorker.com,Apex Legends,DIOS
730,dellamank9,eglassborowk9@sphinn.com,Minecraft,NORMAL
498,mbarsondt,bnorcliffdt@businessweek.com,League of Legends,MALILLO
176,cierland4v,gmacrorie4v@php.net,Counter-Strike: Global Offensive,BUENO
803,rmacneachtainma,cfauntma@blogger.com,Overwatch,NORMAL
929,fparkps,jnassyps@squidoo.com,Apex Legends,BUENO
200,sdavidescu5j,jcrannis5j@theguardian.com,Overwatch,PAQUETE
896,ehedgesov,jfronczakov@about.com,Overwatch,REGULAR
57,kbenet1k,awyss1k@bluehost.com,Minecraft,PAQUETE
683,tgooddieiy,eathersmithiy@reddit.com,League of Legends,NORMAL
235,lrubinsohn6i,mtooker6i@discovery.com,Rocket League,BUENO
62,cmurie1p,mblemings1p@friendfeed.com,World of Warcraft,REGULAR
599,emanbygm,jcorreagm@rambler.ru,World of Warcraft,PAQUETE
789,dcoalelw,mhibbartlw@cafepress.com,World of Warcraft,PAQUETE
434,mcanec1,bcostanzac1@artisteer.com,World of Warcraft,MÁQUINA
725,pizzettk4,chayterk4@tiny.cc,Minecraft,DIOS
37,cmarquese10,dbennis10@forbes.com,Counter-Strike: Global Offensive,MALILLO
61,agheorghie1o,sarstingall1o@mlb.com,Overwatch,PAQUETE
444,cpointoncb,ebaynoncb@cyberchimps.com,Rainbow Six Siege,DIOS
451,glaymanci,cworboyci@google.com.hk,World of Warcraft,REGULAR
784,hharplr,pgierckelr@blogtalkradio.com,Counter-Strike: Global Offensive,PAQUETE
100,dharmon2r,mcotman2r@indiegogo.com,Rocket League,NORMAL
968,djeremiahqv,atupperqv@topsy.com,Overwatch,REGULAR
141,csommers3w,zdodridge3w@dmoz.org,Counter-Strike: Global Offensive,MALILLO
563,aupsalefm,mpolesfm@who.int,League of Legends,MÁQUINA
627,ktowlehe,rocorriganehe@apple.com,Fortnite,DIOS
329,lsandeman94,jbarbour94@youku.com,World of Warcraft,NORMAL
478,smageed9,rshewend9@booking.com,Counter-Strike: Global Offensive,MÁQUINA
797,wgoldingm4,cmcettigenm4@webmd.com,World of Warcraft,MÁQUINA
486,ayarwooddh,odonegandh@cnet.com,Dota 2,BUENO
754,cdorkinkx,chatreykx@github.io,World of Warcraft,MÁQUINA
229,epalfrie6c,atumbridge6c@dot.gov,Rainbow Six Siege,REGULAR
354,rmapam9t,etubridy9t@slashdot.org,Counter-Strike: Global Offensive,MÁQUINA
908,emulvaghp7,dcottesfordp7@360.cn,Rainbow Six Siege,REGULAR
202,ccorragan5l,mtribell5l@blogger.com,Dota 2,PAQUETE
129,roseland3k,lbrecken3k@nifty.com,Counter-Strike: Global Offensive,DIOS
846,gpalleskenh,etaylournh@bing.com,Fortnite,REGULAR
11,lloxdalea,mcapinettia@nytimes.com,Dota 2,MALILLO
231,tweeden6e,vlockhead6e@163.com,League of Legends,PAQUETE
248,ewillgoss6v,cbaiden6v@thetimes.co.uk,Minecraft,DIOS
206,bbonnar5p,hbax5p@a8.net,Rocket League,BUENO
425,dmeighbs,lsheachbs@examiner.com,Apex Legends,MALILLO
554,agrattagefd,dworlingfd@vinaora.com,Fortnite,MÁQUINA
785,cferryls,chabeshawls@so-net.ne.jp,Dota 2,PAQUETE
76,ncraisford23,mfines23@oaic.gov.au,Fortnite,MALILLO
736,kpatrykf,wschneidarkf@eepurl.com,Overwatch,BUENO
364,rtopa3,sshrigleya3@home.pl,Apex Legends,PAQUETE
850,lquenenl,mraymontnl@devhub.com,League of Legends,DIOS
147,rpiser42,lwickendon42@ehow.com,League of Legends,BUENO
139,scoughtrey3u,thuguenet3u@etsy.com,Overwatch,NORMAL
931,chussypu,gdavittpu@icio.us,Counter-Strike: Global Offensive,REGULAR
768,mchampleylb,eiwanczyklb@shareasale.com,Counter-Strike: Global Offensive,MÁQUINA
446,nblizardcd,mhowlecd@aboutads.info,Fortnite,MÁQUINA
776,tschulkelj,ddeanelj@surveymonkey.com,Rocket League,BUENO
783,pbasshamlq,rhallyburtonlq@unicef.org,Minecraft,MÁQUINA
10,mdallow9,fratley9@homestead.com,World of Warcraft,REGULAR
564,mlambertciorwynfn,kstirtonfn@harvard.edu,Minecraft,PAQUETE
673,priddlesdenio,erayio@unesco.org,Minecraft,BUENO
898,cdelouchox,ubleierox@mozilla.com,World of Warcraft,DIOS
79,mcollidge26,sjencken26@opensource.org,Rainbow Six Siege,MALILLO
765,cpeekel8,rzinil8@google.it,League of Legends,PAQUETE
387,lvokinsaq,fmackneisaq@webeden.co.uk,Counter-Strike: Global Offensive,REGULAR
175,nsowood4u,asaines4u@yandex.ru,Counter-Strike: Global Offensive,BUENO
171,estucke4q,cdoumenc4q@yellowpages.com,Rocket League,DIOS
617,jskullyh4,smiltonwhiteh4@google.pl,Rainbow Six Siege,DIOS
400,oreddlesdenb3,rcastellinob3@amazonaws.com,Rainbow Six Siege,PAQUETE
293,nwooffitt84,dgiacomi84@cpanel.net,League of Legends,PAQUETE
282,udelorenzo7t,lbrazur7t@scientificamerican.com,League of Legends,NORMAL
709,kwicksonjo,eresunjo@irs.gov,League of Legends,REGULAR
897,lsimacekow,tgraysmarkow@etsy.com,World of Warcraft,MALILLO
905,ggrimsdykep4,lstirlingp4@ezinearticles.com,Apex Legends,PAQUETE
455,thailescm,vgaycm@epa.gov,Fortnite,NORMAL
843,mkuzemkane,gdombrellne@nytimes.com,Counter-Strike: Global Offensive,BUENO
712,tdawkinsjr,maddicotejr@java.com,World of Warcraft,DIOS
781,rsheftonlo,ashowtelo@ucoz.com,Rainbow Six Siege,NORMAL
22,ccometsonl,iraggattl@cmu.edu,Fortnite,MÁQUINA
201,hfeben5k,lkonert5k@hexun.com,Dota 2,MÁQUINA
548,iremonf7,gspinellif7@utexas.edu,Rainbow Six Siege,DIOS
299,fletcher8a,ygoundsy8a@slideshare.net,Apex Legends,DIOS
164,qvanwaadenburg4j,ebradberry4j@smugmug.com,Dota 2,REGULAR
223,ndennett66,spelfer66@webmd.com,Apex Legends,BUENO
546,jswettf5,cgullefordf5@engadget.com,League of Legends,BUENO
269,wdoman7g,mstolberger7g@xing.com,Apex Legends,MÁQUINA
344,cweiner9j,lklulicek9j@qq.com,Counter-Strike: Global Offensive,REGULAR
555,aalexsandrovichfe,jmoormanfe@pen.io,Minecraft,NORMAL
626,bdabornehd,fengelbrechthd@netlog.com,Dota 2,NORMAL
316,lcudbertson8r,hschubuser8r@slate.com,Minecraft,PAQUETE
355,fgowanson9u,mnavein9u@facebook.com,Fortnite,REGULAR
366,zgurysa5,zburna5@photobucket.com,Overwatch,PAQUETE
517,lbortolottiec,rclowesec@t-online.de,Minecraft,NORMAL
349,dkarpf9o,lkrolik9o@miitbeian.gov.cn,Counter-Strike: Global Offensive,PAQUETE
669,cdixieik,efairfullik@nbcnews.com,Apex Legends,DIOS
75,keltone22,cbirdwhistle22@topsy.com,World of Warcraft,MÁQUINA
602,aoverthrowgp,lgoodwellgp@github.io,Overwatch,NORMAL
120,gtandey3b,geschalette3b@dmoz.org,Dota 2,MÁQUINA
84,bwauchope2b,jhanratty2b@boston.com,League of Legends,MALILLO
